ID,Time[s],1:UART: RX/TX
0,0.942732,Start bit
1,0.942836,FF
2,0.943669,Stop bit
3,0.943772,Start bit
4,0.943876,FF
5,0.944709,Stop bit
6,0.944813,Start bit
7,0.944917,FF
8,0.94575,Stop bit
9,0.945853,Start bit
10,0.945957,FF
11,0.94679,Stop bit
12,0.946893,Start bit
13,0.946997,FF
14,0.94783,Stop bit
15,0.947933,Start bit
16,0.948037,FF
17,0.94887,Stop bit
18,0.948973,Start bit
19,0.949077,FF
20,0.94991,Stop bit
21,0.950013,Start bit
22,0.950117,FF
23,0.95095,Stop bit
24,0.951054,Start bit
25,0.951158,00
26,0.951991,Stop bit
27,0.952094,Start bit
28,0.952198,FF
29,0.953031,Stop bit
30,0.953134,Start bit
31,0.953238,A5
32,0.954071,Stop bit
33,0.954174,Start bit
34,0.954278,01
35,0.955111,Stop bit
36,0.955214,Start bit
37,0.955318,0F
38,0.956151,Stop bit
39,0.956255,Start bit
40,0.956359,10
41,0.957192,Stop bit
42,0.957295,Start bit
43,0.957399,02
44,0.958232,Stop bit
45,0.958335,Start bit
46,0.958439,1D
47,0.959272,Stop bit
48,0.959375,Start bit
49,0.959479,0F
50,0.960312,Stop bit
51,0.960415,Start bit
52,0.960519,19
53,0.961352,Stop bit
54,0.961456,Start bit
55,0.96156,00
56,0.962393,Stop bit
57,0.962496,Start bit
58,0.9626,00
59,0.963433,Stop bit
60,0.963536,Start bit
61,0.96364,00
62,0.964473,Stop bit
63,0.964576,Start bit
64,0.96468,00
65,0.965513,Stop bit
66,0.965616,Start bit
67,0.96572,00
68,0.966553,Stop bit
69,0.966657,Start bit
70,0.966761,00
71,0.967594,Stop bit
72,0.967697,Start bit
73,0.967801,00
74,0.968634,Stop bit
75,0.968737,Start bit
76,0.968841,00
77,0.969674,Stop bit
78,0.969777,Start bit
79,0.969881,00
80,0.970714,Stop bit
81,0.970817,Start bit
82,0.970921,00
83,0.971754,Stop bit
84,0.971857,Start bit
85,0.971961,00
86,0.972794,Stop bit
87,0.972898,Start bit
88,0.973002,01
89,0.973835,Stop bit
90,0.973938,Start bit
91,0.974042,42
92,0.974875,Stop bit
93,0.974978,Start bit
94,0.975082,42
95,0.975915,Stop bit
96,0.976018,Start bit
97,0.976122,02
98,0.976955,Stop bit
99,0.977058,Start bit
100,0.977162,50
101,0.977995,Stop bit
102,0.978099,Start bit
103,0.978203,47
104,0.979036,Stop bit
105,0.979139,Start bit
106,0.979243,FF
107,0.980076,Stop bit
108,0.980179,Start bit
109,0.980283,02
110,0.981116,Stop bit
111,0.981219,Start bit
112,0.981323,28
113,0.982156,Stop bit
114,0.982259,Start bit
115,0.982363,04
116,0.983196,Stop bit
117,0.9833,Start bit
118,0.983404,00
119,0.984237,Stop bit
120,0.98434,Start bit
121,0.984444,00
122,0.985277,Stop bit
123,0.98538,Start bit
124,0.985484,00
125,0.986317,Stop bit
126,0.98642,Start bit
127,0.986524,00
128,0.987357,Stop bit
129,0.98746,Start bit
130,0.987564,29
131,0.988397,Stop bit
132,0.988501,Start bit
133,0.988605,0B
134,0.989438,Stop bit
135,0.989541,Start bit
136,0.989645,03
137,0.990478,Stop bit
138,0.990581,Start bit
139,0.990685,8B
140,0.991518,Stop bit
141,0.991622,Start bit
142,0.991726,FF
143,0.992559,Stop bit
144,1.00008,Start bit
145,1.00018,00
146,1.00101,Stop bit
147,1.01288,Start bit
148,1.01298,00
149,1.01382,Stop bit
150,1.01659,Start bit
151,1.01669,FF
152,1.01752,Stop bit
153,1.01763,Start bit
154,1.01773,FF
155,1.01856,Stop bit
156,1.01867,Start bit
157,1.01877,FF
158,1.0196,Stop bit
159,1.01971,Start bit
160,1.01981,FF
161,1.02064,Stop bit
162,1.02075,Start bit
163,1.02085,FF
164,1.02168,Stop bit
165,1.02179,Start bit
166,1.02189,FF
167,1.02272,Stop bit
168,1.02283,Start bit
169,1.02293,FF
170,1.02376,Stop bit
171,1.02387,Start bit
172,1.02397,FF
173,1.0248,Stop bit
174,1.02491,Start bit
175,1.02501,00
176,1.02584,Stop bit
177,1.02595,Start bit
178,1.02605,FF
179,1.02688,Stop bit
180,1.02699,Start bit
181,1.02709,A5
182,1.02792,Stop bit
183,1.02803,Start bit
184,1.02813,01
185,1.02896,Stop bit
186,1.02907,Start bit
187,1.02917,20
188,1.03001,Stop bit
189,1.03011,Start bit
190,1.03021,10
191,1.03104,Stop bit
192,1.03115,Start bit
193,1.03125,01
194,1.03208,Stop bit
195,1.03219,Start bit
196,1.03229,01
197,1.03313,Stop bit
198,1.03323,Start bit
199,1.03333,86
200,1.03417,Stop bit
201,1.03427,Start bit
202,1.03437,01
203,1.03521,Stop bit
204,1.03531,Start bit
205,1.03541,5E
206,1.03625,Stop bit
207,1.03635,Start bit
208,1.03645,FF
209,1.03729,Stop bit
210,1.0661,Start bit
211,1.0662,FF
212,1.06704,Stop bit
213,1.06714,Start bit
214,1.06724,FF
215,1.06808,Stop bit
216,1.06818,Start bit
217,1.06828,FF
218,1.06912,Stop bit
219,1.06922,Start bit
220,1.06932,FF
221,1.07016,Stop bit
222,1.07026,Start bit
223,1.07036,FF
224,1.0712,Stop bit
225,1.0713,Start bit
226,1.0714,FF
227,1.07224,Stop bit
228,1.07234,Start bit
229,1.07244,FF
230,1.07328,Stop bit
231,1.07338,Start bit
232,1.07348,FF
233,1.07432,Stop bit
234,1.07442,Start bit
235,1.07452,00
236,1.07536,Stop bit
237,1.07546,Start bit
238,1.07556,FF
239,1.0764,Stop bit
240,1.0765,Start bit
241,1.07661,A5
242,1.07744,Stop bit
243,1.07754,Start bit
244,1.07764,01
245,1.07848,Stop bit
246,1.07858,Start bit
247,1.07868,0F
248,1.07952,Stop bit
249,1.07962,Start bit
250,1.07973,10
251,1.08056,Stop bit
252,1.08066,Start bit
253,1.08076,02
254,1.0816,Stop bit
255,1.0817,Start bit
256,1.08181,1D
257,1.08264,Stop bit
258,1.08274,Start bit
259,1.08285,0F
260,1.08368,Stop bit
261,1.08378,Start bit
262,1.08389,19
263,1.08472,Stop bit
264,1.08482,Start bit
265,1.08493,20
266,1.08576,Stop bit
267,1.08586,Start bit
268,1.08597,00
269,1.0868,Stop bit
270,1.0869,Start bit
271,1.08701,00
272,1.08784,Stop bit
273,1.08794,Start bit
274,1.08805,00
275,1.08888,Stop bit
276,1.08898,Start bit
277,1.08909,00
278,1.08992,Stop bit
279,1.09002,Start bit
280,1.09013,00
281,1.09096,Stop bit
282,1.09106,Start bit
283,1.09117,00
284,1.092,Stop bit
285,1.0921,Start bit
286,1.09221,00
287,1.09304,Stop bit
288,1.09314,Start bit
289,1.09325,00
290,1.09408,Stop bit
291,1.09418,Start bit
292,1.09429,00
293,1.09512,Stop bit
294,1.09522,Start bit
295,1.09533,00
296,1.09616,Stop bit
297,1.09626,Start bit
298,1.09637,01
299,1.0972,Stop bit
300,1.0973,Start bit
301,1.09741,42
302,1.09824,Stop bit
303,1.09834,Start bit
304,1.09845,42
305,1.09928,Stop bit
306,1.09939,Start bit
307,1.09949,02
308,1.10032,Stop bit
309,1.10042,Start bit
310,1.10053,50
311,1.10136,Stop bit
312,1.10146,Start bit
313,1.10157,47
314,1.1024,Stop bit
315,1.1025,Start bit
316,1.10261,FF
317,1.10344,Stop bit
318,1.10355,Start bit
319,1.10365,02
320,1.10448,Stop bit
321,1.10459,Start bit
322,1.10469,28
323,1.10552,Stop bit
324,1.10563,Start bit
325,1.10573,04
326,1.10656,Stop bit
327,1.10667,Start bit
328,1.10677,00
329,1.1076,Stop bit
330,1.10771,Start bit
331,1.10781,00
332,1.10864,Stop bit
333,1.10875,Start bit
334,1.10885,00
335,1.10968,Stop bit
336,1.10979,Start bit
337,1.10989,00
338,1.11072,Stop bit
339,1.11083,Start bit
340,1.11093,29
341,1.11176,Stop bit
342,1.11187,Start bit
343,1.11197,0B
344,1.1128,Stop bit
345,1.11291,Start bit
346,1.11301,03
347,1.11384,Stop bit
348,1.11395,Start bit
349,1.11405,AB
350,1.11488,Stop bit
351,1.11499,Start bit
352,1.11509,FF
353,1.11593,Stop bit
354,1.56518,Start bit
355,1.56529,FF
356,1.56612,Stop bit
357,1.56622,Start bit
358,1.56633,00
359,1.56716,Stop bit
360,1.56726,Start bit
361,1.56737,FF
362,1.5682,Stop bit
363,1.5683,Start bit
364,1.56841,A5
365,1.56924,Stop bit
366,1.56934,Start bit
367,1.56945,00
368,1.57028,Stop bit
369,1.57038,Start bit
370,1.57049,90
371,1.57132,Stop bit
372,1.57142,Start bit
373,1.57153,10
374,1.57236,Stop bit
375,1.57246,Start bit
376,1.57257,D2
377,1.5734,Stop bit
378,1.5735,Start bit
379,1.57361,01
380,1.57444,Stop bit
381,1.57454,Start bit
382,1.57465,D2
383,1.57548,Stop bit
384,1.57558,Start bit
385,1.57569,02
386,1.57652,Stop bit
387,1.57662,Start bit
388,1.57673,EA
389,1.57756,Stop bit
390,1.57767,Start bit
391,1.57777,FF
392,1.5786,Stop bit
393,1.88494,Start bit
394,1.88504,FF
395,1.88587,Stop bit
396,1.88598,Start bit
397,1.88608,00
398,1.88691,Stop bit
399,1.88702,Start bit
400,1.88712,FF
401,1.88795,Stop bit
402,1.88806,Start bit
403,1.88816,A5
404,1.88899,Stop bit
405,1.8891,Start bit
406,1.8892,00
407,1.89003,Stop bit
408,1.89014,Start bit
409,1.89024,60
410,1.89107,Stop bit
411,1.89118,Start bit
412,1.89128,10
413,1.89211,Stop bit
414,1.89222,Start bit
415,1.89232,04
416,1.89316,Stop bit
417,1.89326,Start bit
418,1.89336,01
419,1.8942,Stop bit
420,1.8943,Start bit
421,1.8944,FF
422,1.89524,Stop bit
423,1.89534,Start bit
424,1.89544,02
425,1.89628,Stop bit
426,1.89638,Start bit
427,1.89648,19
428,1.89732,Stop bit
429,1.89742,Start bit
430,1.89752,FF
431,1.89836,Stop bit
432,1.90683,Start bit
433,1.90694,FF
434,1.90777,Stop bit
435,1.90787,Start bit
436,1.90797,00
437,1.90881,Stop bit
438,1.90891,Start bit
439,1.90901,FF
440,1.90985,Stop bit
441,1.90995,Start bit
442,1.91005,A5
443,1.91089,Stop bit
444,1.91099,Start bit
445,1.91109,00
446,1.91193,Stop bit
447,1.91203,Start bit
448,1.91213,10
449,1.91297,Stop bit
450,1.91307,Start bit
451,1.91317,60
452,1.91401,Stop bit
453,1.91411,Start bit
454,1.91421,04
455,1.91505,Stop bit
456,1.91515,Start bit
457,1.91525,01
458,1.91609,Stop bit
459,1.91619,Start bit
460,1.91629,FF
461,1.91713,Stop bit
462,1.91723,Start bit
463,1.91734,02
464,1.91817,Stop bit
465,1.91827,Start bit
466,1.91837,19
467,1.91921,Stop bit
468,1.92218,Start bit
469,1.92228,FF
470,1.92311,Stop bit
471,1.92322,Start bit
472,1.92332,00
473,1.92415,Stop bit
474,1.92426,Start bit
475,1.92436,FF
476,1.92519,Stop bit
477,1.9253,Start bit
478,1.9254,A5
479,1.92623,Stop bit
480,1.92634,Start bit
481,1.92644,00
482,1.92727,Stop bit
483,1.92738,Start bit
484,1.92748,60
485,1.92831,Stop bit
486,1.92842,Start bit
487,1.92852,10
488,1.92935,Stop bit
489,1.92946,Start bit
490,1.92956,06
491,1.93039,Stop bit
492,1.9305,Start bit
493,1.9306,01
494,1.93144,Stop bit
495,1.93154,Start bit
496,1.93164,0A
497,1.93247,Stop bit
498,1.93258,Start bit
499,1.93268,01
500,1.93351,Stop bit
501,1.93362,Start bit
502,1.93372,26
503,1.93455,Stop bit
504,1.93466,Start bit
505,1.93476,FF
506,1.9356,Stop bit
507,1.94687,Start bit
508,1.94698,FF
509,1.94781,Stop bit
510,1.94791,Start bit
511,1.94802,00
512,1.94885,Stop bit
513,1.94895,Start bit
514,1.94906,FF
515,1.94989,Stop bit
516,1.94999,Start bit
517,1.9501,A5
518,1.95093,Stop bit
519,1.95103,Start bit
520,1.95114,00
521,1.95197,Stop bit
522,1.95207,Start bit
523,1.95218,10
524,1.95301,Stop bit
525,1.95311,Start bit
526,1.95322,60
527,1.95405,Stop bit
528,1.95415,Start bit
529,1.95426,06
530,1.95509,Stop bit
531,1.95519,Start bit
532,1.9553,01
533,1.95613,Stop bit
534,1.95623,Start bit
535,1.95634,0A
536,1.95717,Stop bit
537,1.95727,Start bit
538,1.95738,01
539,1.95821,Stop bit
540,1.95831,Start bit
541,1.95842,26
542,1.95925,Stop bit
543,1.96254,Start bit
544,1.96264,FF
545,1.96347,Stop bit
546,1.96358,Start bit
547,1.96368,00
548,1.96451,Stop bit
549,1.96462,Start bit
550,1.96472,FF
551,1.96555,Stop bit
552,1.96566,Start bit
553,1.96576,A5
554,1.96659,Stop bit
555,1.9667,Start bit
556,1.9668,00
557,1.96763,Stop bit
558,1.96774,Start bit
559,1.96784,60
560,1.96867,Stop bit
561,1.96878,Start bit
562,1.96888,10
563,1.96971,Stop bit
564,1.96982,Start bit
565,1.96992,01
566,1.97075,Stop bit
567,1.97086,Start bit
568,1.97096,04
569,1.97179,Stop bit
570,1.9719,Start bit
571,1.972,02
572,1.97283,Stop bit
573,1.97294,Start bit
574,1.97304,C4
575,1.97387,Stop bit
576,1.97398,Start bit
577,1.97408,08
578,1.97491,Stop bit
579,1.97502,Start bit
580,1.97512,CA
581,1.97595,Stop bit
582,1.97606,Start bit
583,1.97616,02
584,1.97699,Stop bit
585,1.9771,Start bit
586,1.9772,B2
587,1.97803,Stop bit
588,1.97814,Start bit
589,1.97824,FF
590,1.97908,Stop bit
591,1.98806,Start bit
592,1.98817,FF
593,1.989,Stop bit
594,1.9891,Start bit
595,1.9892,00
596,1.99004,Stop bit
597,1.99014,Start bit
598,1.99024,FF
599,1.99108,Stop bit
600,1.99118,Start bit
601,1.99128,A5
602,1.99212,Stop bit
603,1.99222,Start bit
604,1.99232,00
605,1.99316,Stop bit
606,1.99326,Start bit
607,1.99336,10
608,1.9942,Stop bit
609,1.9943,Start bit
610,1.9944,60
611,1.99524,Stop bit
612,1.99534,Start bit
613,1.99544,01
614,1.99628,Stop bit
615,1.99638,Start bit
616,1.99648,02
617,1.99732,Stop bit
618,1.99742,Start bit
619,1.99752,08
620,1.99836,Stop bit
621,1.99846,Start bit
622,1.99856,CA
623,1.9994,Stop bit
624,1.9995,Start bit
625,1.9996,01
626,2.00044,Stop bit
627,2.00054,Start bit
628,2.00064,EA
629,2.00148,Stop bit
630,3.58908,Start bit
631,3.58919,FF
632,3.59002,Stop bit
633,3.59012,Start bit
634,3.59023,00
635,3.59106,Stop bit
636,3.59116,Start bit
637,3.59127,FF
638,3.5921,Stop bit
639,3.5922,Start bit
640,3.59231,A5
641,3.59314,Stop bit
642,3.59324,Start bit
643,3.59335,00
644,3.59418,Stop bit
645,3.59428,Start bit
646,3.59439,90
647,3.59522,Stop bit
648,3.59532,Start bit
649,3.59543,10
650,3.59626,Stop bit
651,3.59636,Start bit
652,3.59647,D2
653,3.5973,Stop bit
654,3.5974,Start bit
655,3.59751,01
656,3.59834,Stop bit
657,3.59844,Start bit
658,3.59855,D2
659,3.59938,Stop bit
660,3.59948,Start bit
661,3.59959,02
662,3.60042,Stop bit
663,3.60052,Start bit
664,3.60063,EA
665,3.60146,Stop bit
666,3.60157,Start bit
667,3.60167,FF
668,3.6025,Stop bit
669,3.91705,Start bit
670,3.91716,FF
671,3.91799,Stop bit
672,3.91809,Start bit
673,3.9182,00
674,3.91903,Stop bit
675,3.91913,Start bit
676,3.91924,FF
677,3.92007,Stop bit
678,3.92017,Start bit
679,3.92028,A5
680,3.92111,Stop bit
681,3.92121,Start bit
682,3.92132,00
683,3.92215,Stop bit
684,3.92226,Start bit
685,3.92236,60
686,3.92319,Stop bit
687,3.9233,Start bit
688,3.9234,10
689,3.92423,Stop bit
690,3.92434,Start bit
691,3.92444,07
692,3.92527,Stop bit
693,3.92538,Start bit
694,3.92548,00
695,3.92631,Stop bit
696,3.92642,Start bit
697,3.92652,01
698,3.92735,Stop bit
699,3.92746,Start bit
700,3.92756,1C
701,3.92839,Stop bit
702,3.9285,Start bit
703,3.9286,FF
704,3.92943,Stop bit
705,3.94819,Start bit
706,3.94829,FF
707,3.94913,Stop bit
708,3.94923,Start bit
709,3.94933,00
710,3.95016,Stop bit
711,3.95027,Start bit
712,3.95037,FF
713,3.9512,Stop bit
714,3.95131,Start bit
715,3.95141,A5
716,3.95224,Stop bit
717,3.95235,Start bit
718,3.95245,00
719,3.95328,Stop bit
720,3.95339,Start bit
721,3.95349,10
722,3.95432,Stop bit
723,3.95443,Start bit
724,3.95453,60
725,3.95536,Stop bit
726,3.95547,Start bit
727,3.95557,07
728,3.9564,Stop bit
729,3.95651,Start bit
730,3.95661,0F
731,3.95744,Stop bit
732,3.95755,Start bit
733,3.95765,0A
734,3.95848,Stop bit
735,3.95859,Start bit
736,3.95869,00
737,3.95952,Stop bit
738,3.95963,Start bit
739,3.95973,00
740,3.96056,Stop bit
741,3.96067,Start bit
742,3.96077,00
743,3.9616,Stop bit
744,3.96171,Start bit
745,3.96181,BF
746,3.96264,Stop bit
747,3.96275,Start bit
748,3.96285,07
749,3.96368,Stop bit
750,3.96379,Start bit
751,3.96389,08
752,3.96472,Stop bit
753,3.96483,Start bit
754,3.96493,00
755,3.96576,Stop bit
756,3.96587,Start bit
757,3.96597,00
758,3.9668,Stop bit
759,3.96691,Start bit
760,3.96701,00
761,3.96784,Stop bit
762,3.96795,Start bit
763,3.96805,00
764,3.96888,Stop bit
765,3.96899,Start bit
766,3.96909,00
767,3.96992,Stop bit
768,3.97003,Start bit
769,3.97013,0B
770,3.97096,Stop bit
771,3.97107,Start bit
772,3.97117,0F
773,3.972,Stop bit
774,3.97211,Start bit
775,3.97221,19
776,3.97304,Stop bit
777,3.97315,Start bit
778,3.97325,02
779,3.97408,Stop bit
780,3.97419,Start bit
781,3.97429,36
782,3.97512,Stop bit
783,5.10527,Start bit
784,5.10537,FF
785,5.1062,Stop bit
786,5.1063,Start bit
787,5.10641,FF
788,5.10724,Stop bit
789,5.10734,Start bit
790,5.10745,FF
791,5.10828,Stop bit
792,5.10839,Start bit
793,5.10849,FF
794,5.10932,Stop bit
795,5.10943,Start bit
796,5.10953,FF
797,5.11036,Stop bit
798,5.11047,Start bit
799,5.11057,FF
800,5.1114,Stop bit
801,5.11151,Start bit
802,5.11161,FF
803,5.11244,Stop bit
804,5.11255,Start bit
805,5.11265,FF
806,5.11348,Stop bit
807,5.11359,Start bit
808,5.11369,00
809,5.11452,Stop bit
810,5.11463,Start bit
811,5.11473,FF
812,5.11556,Stop bit
813,5.11567,Start bit
814,5.11577,A5
815,5.1166,Stop bit
816,5.11671,Start bit
817,5.11681,01
818,5.11764,Stop bit
819,5.11775,Start bit
820,5.11785,0F
821,5.11868,Stop bit
822,5.11879,Start bit
823,5.11889,10
824,5.11972,Stop bit
825,5.11983,Start bit
826,5.11993,02
827,5.12076,Stop bit
828,5.12087,Start bit
829,5.12097,1D
830,5.12181,Stop bit
831,5.12191,Start bit
832,5.12201,0F
833,5.12284,Stop bit
834,5.12295,Start bit
835,5.12305,19
836,5.12388,Stop bit
837,5.12399,Start bit
838,5.12409,20
839,5.12493,Stop bit
840,5.12503,Start bit
841,5.12513,00
842,5.12597,Stop bit
843,5.12607,Start bit
844,5.12617,00
845,5.12701,Stop bit
846,5.12711,Start bit
847,5.12721,00
848,5.12805,Stop bit
849,5.12815,Start bit
850,5.12825,00
851,5.12909,Stop bit
852,5.12919,Start bit
853,5.12929,00
854,5.13013,Stop bit
855,5.13023,Start bit
856,5.13033,00
857,5.13117,Stop bit
858,5.13127,Start bit
859,5.13137,00
860,5.13221,Stop bit
861,5.13231,Start bit
862,5.13241,00
863,5.13325,Stop bit
864,5.13335,Start bit
865,5.13345,00
866,5.13429,Stop bit
867,5.13439,Start bit
868,5.13449,00
869,5.13533,Stop bit
870,5.13543,Start bit
871,5.13553,01
872,5.13637,Stop bit
873,5.13647,Start bit
874,5.13657,42
875,5.13741,Stop bit
876,5.13751,Start bit
877,5.13761,42
878,5.13845,Stop bit
879,5.13855,Start bit
880,5.13865,02
881,5.13949,Stop bit
882,5.13959,Start bit
883,5.13969,50
884,5.14053,Stop bit
885,5.14063,Start bit
886,5.14074,47
887,5.14157,Stop bit
888,5.14167,Start bit
889,5.14178,FF
890,5.14261,Stop bit
891,5.14271,Start bit
892,5.14282,02
893,5.14365,Stop bit
894,5.14375,Start bit
895,5.14386,28
896,5.14469,Stop bit
897,5.14479,Start bit
898,5.1449,04
899,5.14573,Stop bit
900,5.14583,Start bit
901,5.14594,00
902,5.14677,Stop bit
903,5.14687,Start bit
904,5.14698,00
905,5.14781,Stop bit
906,5.14791,Start bit
907,5.14802,00
908,5.14885,Stop bit
909,5.14895,Start bit
910,5.14906,00
911,5.14989,Stop bit
912,5.14999,Start bit
913,5.1501,29
914,5.15093,Stop bit
915,5.15103,Start bit
916,5.15114,0B
917,5.15197,Stop bit
918,5.15207,Start bit
919,5.15218,03
920,5.15301,Stop bit
921,5.15311,Start bit
922,5.15322,AB
923,5.15405,Stop bit
924,5.15415,Start bit
925,5.15426,FF
926,5.15509,Stop bit
927,5.60476,Start bit
928,5.60487,FF
929,5.6057,Stop bit
930,5.60581,Start bit
931,5.60591,00
932,5.60674,Stop bit
933,5.60684,Start bit
934,5.60695,FF
935,5.60778,Stop bit
936,5.60788,Start bit
937,5.60799,A5
938,5.60882,Stop bit
939,5.60893,Start bit
940,5.60903,00
941,5.60986,Stop bit
942,5.60997,Start bit
943,5.61007,90
944,5.6109,Stop bit
945,5.61101,Start bit
946,5.61111,10
947,5.61194,Stop bit
948,5.61205,Start bit
949,5.61215,D2
950,5.61298,Stop bit
951,5.61309,Start bit
952,5.61319,01
953,5.61402,Stop bit
954,5.61413,Start bit
955,5.61423,D2
956,5.61506,Stop bit
957,5.61517,Start bit
958,5.61527,02
959,5.6161,Stop bit
960,5.61621,Start bit
961,5.61631,EA
962,5.61714,Stop bit
963,5.61725,Start bit
964,5.61735,FF
965,5.61818,Stop bit
966,7.12906,Start bit
967,7.12916,FF
968,7.13,Stop bit
969,7.1301,Start bit
970,7.1302,FF
971,7.13104,Stop bit
972,7.13114,Start bit
973,7.13124,FF
974,7.13208,Stop bit
975,7.13218,Start bit
976,7.13229,FF
977,7.13312,Stop bit
978,7.13322,Start bit
979,7.13333,FF
980,7.13416,Stop bit
981,7.13426,Start bit
982,7.13437,FF
983,7.1352,Stop bit
984,7.1353,Start bit
985,7.13541,FF
986,7.13624,Stop bit
987,7.13634,Start bit
988,7.13645,FF
989,7.13728,Stop bit
990,7.13738,Start bit
991,7.13749,00
992,7.13832,Stop bit
993,7.13842,Start bit
994,7.13853,FF
995,7.13936,Stop bit
996,7.13946,Start bit
997,7.13957,A5
998,7.1404,Stop bit
999,7.1405,Start bit
1000,7.14061,01
1001,7.14144,Stop bit
1002,7.14154,Start bit
1003,7.14165,0F
1004,7.14248,Stop bit
1005,7.14258,Start bit
1006,7.14269,10
1007,7.14352,Stop bit
1008,7.14362,Start bit
1009,7.14373,02
1010,7.14456,Stop bit
1011,7.14466,Start bit
1012,7.14477,1D
1013,7.1456,Stop bit
1014,7.1457,Start bit
1015,7.14581,0F
1016,7.14664,Stop bit
1017,7.14674,Start bit
1018,7.14685,19
1019,7.14768,Stop bit
1020,7.14778,Start bit
1021,7.14789,20
1022,7.14872,Stop bit
1023,7.14882,Start bit
1024,7.14893,00
1025,7.14976,Stop bit
1026,7.14986,Start bit
1027,7.14997,00
1028,7.1508,Stop bit
1029,7.1509,Start bit
1030,7.15101,00
1031,7.15184,Stop bit
1032,7.15194,Start bit
1033,7.15205,00
1034,7.15288,Stop bit
1035,7.15298,Start bit
1036,7.15309,00
1037,7.15392,Stop bit
1038,7.15403,Start bit
1039,7.15413,00
1040,7.15496,Stop bit
1041,7.15507,Start bit
1042,7.15517,00
1043,7.156,Stop bit
1044,7.15611,Start bit
1045,7.15621,00
1046,7.15704,Stop bit
1047,7.15715,Start bit
1048,7.15725,00
1049,7.15808,Stop bit
1050,7.15819,Start bit
1051,7.15829,00
1052,7.15912,Stop bit
1053,7.15923,Start bit
1054,7.15933,01
1055,7.16016,Stop bit
1056,7.16027,Start bit
1057,7.16037,42
1058,7.1612,Stop bit
1059,7.16131,Start bit
1060,7.16141,42
1061,7.16224,Stop bit
1062,7.16235,Start bit
1063,7.16245,02
1064,7.16328,Stop bit
1065,7.16339,Start bit
1066,7.16349,50
1067,7.16432,Stop bit
1068,7.16443,Start bit
1069,7.16453,48
1070,7.16536,Stop bit
1071,7.16547,Start bit
1072,7.16557,FF
1073,7.1664,Stop bit
1074,7.16651,Start bit
1075,7.16661,02
1076,7.16744,Stop bit
1077,7.16755,Start bit
1078,7.16765,28
1079,7.16848,Stop bit
1080,7.16859,Start bit
1081,7.16869,04
1082,7.16952,Stop bit
1083,7.16963,Start bit
1084,7.16973,00
1085,7.17056,Stop bit
1086,7.17067,Start bit
1087,7.17077,00
1088,7.17161,Stop bit
1089,7.17171,Start bit
1090,7.17181,00
1091,7.17265,Stop bit
1092,7.17275,Start bit
1093,7.17285,00
1094,7.17369,Stop bit
1095,7.17379,Start bit
1096,7.17389,29
1097,7.17473,Stop bit
1098,7.17483,Start bit
1099,7.17493,0B
1100,7.17577,Stop bit
1101,7.17587,Start bit
1102,7.17597,03
1103,7.17681,Stop bit
1104,7.17691,Start bit
1105,7.17701,AC
1106,7.17785,Stop bit
1107,7.17795,Start bit
1108,7.17805,FF
1109,7.17889,Stop bit
1110,7.62825,Start bit
1111,7.62835,FF
1112,7.62919,Stop bit
1113,7.62929,Start bit
1114,7.62939,00
1115,7.63023,Stop bit
1116,7.63033,Start bit
1117,7.63043,FF
1118,7.63127,Stop bit
1119,7.63137,Start bit
1120,7.63147,A5
1121,7.63231,Stop bit
1122,7.63241,Start bit
1123,7.63251,00
1124,7.63335,Stop bit
1125,7.63345,Start bit
1126,7.63355,90
1127,7.63439,Stop bit
1128,7.63449,Start bit
1129,7.63459,10
1130,7.63543,Stop bit
1131,7.63553,Start bit
1132,7.63563,D2
1133,7.63647,Stop bit
1134,7.63657,Start bit
1135,7.63667,01
1136,7.63751,Stop bit
1137,7.63761,Start bit
1138,7.63771,D2
1139,7.63855,Stop bit
1140,7.63865,Start bit
1141,7.63875,02
1142,7.63959,Stop bit
1143,7.63969,Start bit
1144,7.63979,EA
1145,7.64063,Stop bit
1146,7.64073,Start bit
1147,7.64084,FF
1148,7.64167,Stop bit
1149,9.14037,Start bit
1150,9.14048,FF
1151,9.14131,Stop bit
1152,9.14142,Start bit
1153,9.14152,FF
1154,9.14235,Stop bit
1155,9.14245,Start bit
1156,9.14256,FF
1157,9.14339,Stop bit
1158,9.14349,Start bit
1159,9.1436,FF
1160,9.14443,Stop bit
1161,9.14453,Start bit
1162,9.14464,FF
1163,9.14547,Stop bit
1164,9.14558,Start bit
1165,9.14568,FF
1166,9.14651,Stop bit
1167,9.14662,Start bit
1168,9.14672,FF
1169,9.14755,Stop bit
1170,9.14766,Start bit
1171,9.14776,FF
1172,9.14859,Stop bit
1173,9.1487,Start bit
1174,9.1488,00
1175,9.14963,Stop bit
1176,9.14974,Start bit
1177,9.14984,FF
1178,9.15067,Stop bit
1179,9.15078,Start bit
1180,9.15088,A5
1181,9.15171,Stop bit
1182,9.15182,Start bit
1183,9.15192,01
1184,9.15275,Stop bit
1185,9.15286,Start bit
1186,9.15296,0F
1187,9.15379,Stop bit
1188,9.1539,Start bit
1189,9.154,10
1190,9.15483,Stop bit
1191,9.15494,Start bit
1192,9.15504,02
1193,9.15587,Stop bit
1194,9.15598,Start bit
1195,9.15608,1D
1196,9.15691,Stop bit
1197,9.15702,Start bit
1198,9.15712,0F
1199,9.15795,Stop bit
1200,9.15806,Start bit
1201,9.15816,19
1202,9.15899,Stop bit
1203,9.1591,Start bit
1204,9.1592,20
1205,9.16003,Stop bit
1206,9.16014,Start bit
1207,9.16024,00
1208,9.16108,Stop bit
1209,9.16118,Start bit
1210,9.16128,00
1211,9.16212,Stop bit
1212,9.16222,Start bit
1213,9.16232,00
1214,9.16316,Stop bit
1215,9.16326,Start bit
1216,9.16336,00
1217,9.1642,Stop bit
1218,9.1643,Start bit
1219,9.1644,00
1220,9.16524,Stop bit
1221,9.16534,Start bit
1222,9.16544,00
1223,9.16628,Stop bit
1224,9.16638,Start bit
1225,9.16648,00
1226,9.16732,Stop bit
1227,9.16742,Start bit
1228,9.16752,00
1229,9.16836,Stop bit
1230,9.16846,Start bit
1231,9.16856,00
1232,9.1694,Stop bit
1233,9.1695,Start bit
1234,9.1696,00
1235,9.17044,Stop bit
1236,9.17054,Start bit
1237,9.17064,01
1238,9.17148,Stop bit
1239,9.17158,Start bit
1240,9.17168,42
1241,9.17252,Stop bit
1242,9.17262,Start bit
1243,9.17272,42
1244,9.17356,Stop bit
1245,9.17366,Start bit
1246,9.17376,02
1247,9.1746,Stop bit
1248,9.1747,Start bit
1249,9.1748,50
1250,9.17564,Stop bit
1251,9.17574,Start bit
1252,9.17584,48
1253,9.17668,Stop bit
1254,9.17678,Start bit
1255,9.17689,FF
1256,9.17772,Stop bit
1257,9.17782,Start bit
1258,9.17793,02
1259,9.17876,Stop bit
1260,9.17886,Start bit
1261,9.17897,28
1262,9.1798,Stop bit
1263,9.1799,Start bit
1264,9.18001,04
1265,9.18084,Stop bit
1266,9.18094,Start bit
1267,9.18105,00
1268,9.18188,Stop bit
1269,9.18198,Start bit
1270,9.18209,00
1271,9.18292,Stop bit
1272,9.18302,Start bit
1273,9.18313,00
1274,9.18396,Stop bit
1275,9.18406,Start bit
1276,9.18417,00
1277,9.185,Stop bit
1278,9.1851,Start bit
1279,9.18521,29
1280,9.18604,Stop bit
1281,9.18614,Start bit
1282,9.18625,0B
1283,9.18708,Stop bit
1284,9.18718,Start bit
1285,9.18729,03
1286,9.18812,Stop bit
1287,9.18822,Start bit
1288,9.18833,AC
1289,9.18916,Stop bit
1290,9.18926,Start bit
1291,9.18937,FF
1292,9.1902,Stop bit
1293,9.6482,Start bit
1294,9.6483,FF
1295,9.64913,Stop bit
1296,9.64924,Start bit
1297,9.64934,00
1298,9.65017,Stop bit
1299,9.65028,Start bit
1300,9.65038,FF
1301,9.65121,Stop bit
1302,9.65132,Start bit
1303,9.65142,A5
1304,9.65225,Stop bit
1305,9.65236,Start bit
1306,9.65246,00
1307,9.65329,Stop bit
1308,9.6534,Start bit
1309,9.6535,90
1310,9.65433,Stop bit
1311,9.65444,Start bit
1312,9.65454,10
1313,9.65537,Stop bit
1314,9.65548,Start bit
1315,9.65558,D2
1316,9.65641,Stop bit
1317,9.65652,Start bit
1318,9.65662,01
1319,9.65745,Stop bit
1320,9.65756,Start bit
1321,9.65766,D2
1322,9.6585,Stop bit
1323,9.6586,Start bit
1324,9.6587,02
1325,9.65953,Stop bit
1326,9.65964,Start bit
1327,9.65974,EA
1328,9.66057,Stop bit
1329,9.66068,Start bit
1330,9.66078,FF
1331,9.66162,Stop bit
